"app_user"	"tablename"
"auth_app_user"	"eqms_action_master_lk"
"auth_app_user"	"eqms_form"
"auth_app_user"	"eqms_form_action_wf_status_mapping"
"auth_app_user"	"eqms_form_control_actions"
"auth_app_user"	"eqms_form_controls"
"auth_app_user"	"eqms_form_dependencies"
"auth_app_user"	"eqms_form_dependency_type_lk"
"auth_app_user"	"eqms_form_menu_mapping"
"auth_app_user"	"eqms_form_type_lk"
"auth_app_user"	"eqms_object"
"auth_app_user"	"eqms_object_attributes"
"auth_app_user"	"eqms_object_attributes_history"
"auth_app_user"	"eqms_object_context"
"auth_app_user"	"eqms_object_policy_mapper"
"auth_app_user"	"eqms_policy"
"auth_app_user"	"eqms_policy_actions"
"auth_app_user"	"eqms_policy_attributes"
"auth_app_user"	"eqms_user_attributes"
"auth_app_user"	"eqms_user_attributes_history"
"auth_app_user"	"eqms_activity_lk"
"auth_app_user"	"eqms_context_types"
"auth_app_user"	"eqms_login_result_lk"
"auth_app_user"	"eqms_menu_activity_access"
"auth_app_user"	"eqms_menu_instance"
"auth_app_user"	"eqms_menu_lk"
"auth_app_user"	"eqms_menu_type_lk"
"auth_app_user"	"eqms_organization_employee"
"auth_app_user"	"eqms_role_menu_activity_access"
"auth_app_user"	"eqms_roles_lk"
"auth_app_user"	"eqms_user_authentication_refresh_token"
"auth_app_user"	"eqms_user_contact"
"auth_app_user"	"eqms_user_login_tracking"
"auth_app_user"	"eqms_user_pin"
"auth_app_user"	"eqms_user_pin_history"
"auth_app_user"	"eqms_user_roles"
"auth_app_user"	"eqms_user_status_lk"
"auth_app_user"	"eqms_user_verification"
"auth_app_user"	"eqms_users"
"auth_app_user"	"eqms_users_history"
"auth_app_user"	"eqms_form_task_group_mapping"
"auth_app_user"	"eqms_project_instance_header"
"dms_app_user"	"eqms_component_record"
"dms_app_user"	"eqms_component_record_history"
"dms_app_user"	"eqms_compressed_files"
"dms_app_user"	"eqms_compressed_files_history"
"dms_app_user"	"eqms_document"
"dms_app_user"	"eqms_document_history"
"dms_app_user"	"eqms_document_sections"
"dms_app_user"	"eqms_document_template"
"dms_app_user"	"eqms_document_template_api_details"
"dms_app_user"	"eqms_document_template_form_mapping"
"dms_app_user"	"eqms_document_template_form_mapping_history"
"dms_app_user"	"eqms_document_template_history"
"dms_app_user"	"eqms_document_template_magic_read_details"
"dms_app_user"	"eqms_document_template_type_lk"
"dms_app_user"	"eqms_document_template_variable"
"dms_app_user"	"eqms_document_template_variable_transformation_rules"
"dms_app_user"	"eqms_document_type_lk"
"dms_app_user"	"eqms_document_variable_mapper"
"dms_app_user"	"eqms_document_variable_mapper_history"
"dms_app_user"	"eqms_document_variable_operation"
"dms_app_user"	"eqms_document_variables"
"dms_app_user"	"eqms_document_variables_history"
"dms_app_user"	"eqms_file"
"dms_app_user"	"eqms_file_category_lk"
"dms_app_user"	"eqms_file_history"
"dms_app_user"	"eqms_file_tags"
"dms_app_user"	"eqms_file_tags_history"
"dms_app_user"	"eqms_file_type_lk"
"dms_app_user"	"eqms_generic_details"
"dms_app_user"	"eqms_generic_details_history"
"dms_app_user"	"eqms_record"
"dms_app_user"	"eqms_record_generation_mode_lk"
"dms_app_user"	"eqms_record_generation_type_lk"
"dms_app_user"	"eqms_record_generic_details"
"dms_app_user"	"eqms_record_generic_details_history"
"dms_app_user"	"eqms_record_history"
"dms_app_user"	"eqms_record_type_lk"
"dms_app_user"	"eqms_record_variable_mapper"
"dms_app_user"	"eqms_record_variable_mapper_history"
"dms_app_user"	"eqms_record_variables"
"dms_app_user"	"eqms_record_variables_history"
"dms_app_user"	"eqms_record_verification"
"dms_app_user"	"eqms_record_verification_comments"
"dms_app_user"	"eqms_record_verification_comments_history"
"dms_app_user"	"eqms_record_verification_history"
"dms_app_user"	"eqms_tags"
"dms_app_user"	"eqms_tags_history"
"dms_app_user"	"eqms_video"
"dms_app_user"	"eqms_video_history"
"dms_app_user"	"eqms_image"
"dms_app_user"	"eqms_image_history"
"dms_app_user"	"eqms_timezones"
"dnd_app_user"	"eqms_form"
"dnd_app_user"	"eqms_form_menu_mapping"
"dnd_app_user"	"eqms_object"
"dnd_app_user"	"eqms_object_context"
"dnd_app_user"	"eqms_object_policy_mapper"
"dnd_app_user"	"eqms_object_policy_mapper_history"
"dnd_app_user"	"eqms_component_record"
"dnd_app_user"	"eqms_document"
"dnd_app_user"	"eqms_document_history"
"dnd_app_user"	"eqms_document_template"
"dnd_app_user"	"eqms_document_template_form_mapping"
"dnd_app_user"	"eqms_document_template_form_mapping_history"
"dnd_app_user"	"eqms_document_template_history"
"dnd_app_user"	"eqms_document_template_type_lk"
"dnd_app_user"	"eqms_file"
"dnd_app_user"	"eqms_file_category_lk"
"dnd_app_user"	"eqms_file_history"
"dnd_app_user"	"eqms_file_tags"
"dnd_app_user"	"eqms_file_tags_history"
"dnd_app_user"	"eqms_file_type_lk"
"dnd_app_user"	"eqms_record"
"dnd_app_user"	"eqms_record_generation_type_lk"
"dnd_app_user"	"eqms_record_history"
"dnd_app_user"	"eqms_record_verification"
"dnd_app_user"	"eqms_tags"
"dnd_app_user"	"eqms_tags_history"
"dnd_app_user"	"eqms_bom_assembly_part_details"
"dnd_app_user"	"eqms_bom_assembly_part_details_history"
"dnd_app_user"	"eqms_bom_assembly_parts"
"dnd_app_user"	"eqms_bom_assembly_parts_history"
"dnd_app_user"	"eqms_bom_master"
"dnd_app_user"	"eqms_bom_master_history"
"dnd_app_user"	"eqms_bom_snapshot"
"dnd_app_user"	"eqms_bom_snapshot_history"
"dnd_app_user"	"eqms_bom_upload"
"dnd_app_user"	"eqms_bom_upload_error_log"
"dnd_app_user"	"eqms_bom_upload_error_log_history"
"dnd_app_user"	"eqms_bom_upload_history"
"dnd_app_user"	"eqms_bom_upload_supporting_files"
"dnd_app_user"	"eqms_bom_upload_supporting_files_history"
"dnd_app_user"	"eqms_bom_variant_master"
"dnd_app_user"	"eqms_bom_variant_master_history"
"dnd_app_user"	"eqms_clause_lk"
"dnd_app_user"	"eqms_concept_status_lk"
"dnd_app_user"	"eqms_conflicting_dir"
"dnd_app_user"	"eqms_conflicting_dir_history"
"dnd_app_user"	"eqms_cost_heading_lk"
"dnd_app_user"	"eqms_decision_lk"
"dnd_app_user"	"eqms_default_template_master"
"dnd_app_user"	"eqms_design_input_gathering"
"dnd_app_user"	"eqms_design_input_gathering_history"
"dnd_app_user"	"eqms_design_input_requirement"
"dnd_app_user"	"eqms_design_input_requirement_history"
"dnd_app_user"	"eqms_design_installation_procedure"
"dnd_app_user"	"eqms_design_installation_procedure_equipment"
"dnd_app_user"	"eqms_design_installation_procedure_equipment_history"
"dnd_app_user"	"eqms_design_installation_procedure_history"
"dnd_app_user"	"eqms_design_installation_procedure_skill"
"dnd_app_user"	"eqms_design_installation_procedure_skill_history"
"dnd_app_user"	"eqms_design_installation_procedure_supporting_files"
"dnd_app_user"	"eqms_design_installation_procedure_supporting_files_history"
"dnd_app_user"	"eqms_design_installation_procedure_tool"
"dnd_app_user"	"eqms_design_installation_procedure_tool_history"
"dnd_app_user"	"eqms_design_review_attended_members"
"dnd_app_user"	"eqms_design_review_attended_members_history"
"dnd_app_user"	"eqms_design_review_report_documents"
"dnd_app_user"	"eqms_design_review_report_documents_history"
"dnd_app_user"	"eqms_design_specification_type_lk"
"dnd_app_user"	"eqms_design_stage_item_lk"
"dnd_app_user"	"eqms_design_stage_lk"
"dnd_app_user"	"eqms_design_stage_type_lk"
"dnd_app_user"	"eqms_design_transfer_acknowledgement"
"dnd_app_user"	"eqms_design_transfer_acknowledgement_checklist_mapper"
"dnd_app_user"	"eqms_design_transfer_acknowledgement_checklist_mapper_history"
"dnd_app_user"	"eqms_design_transfer_acknowledgement_history"
"dnd_app_user"	"eqms_design_transfer_applicability"
"dnd_app_user"	"eqms_design_transfer_applicability_history"
"dnd_app_user"	"eqms_design_transfer_checklist_lk"
"dnd_app_user"	"eqms_design_transfer_checklist_template_mapper_lk"
"dnd_app_user"	"eqms_design_transfer_documents"
"dnd_app_user"	"eqms_design_transfer_documents_history"
"dnd_app_user"	"eqms_design_transfer_manufacturing_actions"
"dnd_app_user"	"eqms_design_transfer_manufacturing_actions_history"
"dnd_app_user"	"eqms_device_lk"
"dnd_app_user"	"eqms_device_lk_history"
"dnd_app_user"	"eqms_dig_indication_of_use"
"dnd_app_user"	"eqms_dig_indication_of_use_history"
"dnd_app_user"	"eqms_dig_intended_population"
"dnd_app_user"	"eqms_dig_intended_population_history"
"dnd_app_user"	"eqms_dig_intended_users"
"dnd_app_user"	"eqms_dig_intended_users_history"
"dnd_app_user"	"eqms_dig_specification"
"dnd_app_user"	"eqms_dig_specification_country_mapper"
"dnd_app_user"	"eqms_dig_specification_country_mapper_history"
"dnd_app_user"	"eqms_dig_specification_functional_block_mapper"
"dnd_app_user"	"eqms_dig_specification_functional_block_mapper_history"
"dnd_app_user"	"eqms_dig_specification_history"
"dnd_app_user"	"eqms_dig_specification_mapper"
"dnd_app_user"	"eqms_dig_specification_mapper_history"
"dnd_app_user"	"eqms_dig_specification_model_mapper"
"dnd_app_user"	"eqms_dig_specification_model_mapper_history"
"dnd_app_user"	"eqms_dig_specification_usability_type_mapper"
"dnd_app_user"	"eqms_dig_use_environments"
"dnd_app_user"	"eqms_dig_use_environments_history"
"dnd_app_user"	"eqms_dir_adequacy_report"
"dnd_app_user"	"eqms_dir_adequacy_report_history"
"dnd_app_user"	"eqms_dir_declaration"
"dnd_app_user"	"eqms_dir_declaration_history"
"dnd_app_user"	"eqms_dir_reference_dirs"
"dnd_app_user"	"eqms_dir_reference_dirs_history"
"dnd_app_user"	"eqms_dir_supporting_document"
"dnd_app_user"	"eqms_dir_supporting_document_history"
"dnd_app_user"	"eqms_dnd_document_lk"
"dnd_app_user"	"eqms_equipment_lk"
"dnd_app_user"	"eqms_equipment_lk_history"
"dnd_app_user"	"eqms_execution_stage"
"dnd_app_user"	"eqms_execution_stage_deliverables"
"dnd_app_user"	"eqms_execution_stage_deliverables_history"
"dnd_app_user"	"eqms_execution_stage_design_review_report"
"dnd_app_user"	"eqms_execution_stage_design_review_report_history"
"dnd_app_user"	"eqms_execution_stage_history"
"dnd_app_user"	"eqms_execution_stage_test_items"
"dnd_app_user"	"eqms_execution_stage_test_items_history"
"dnd_app_user"	"eqms_execution_stage_verification"
"dnd_app_user"	"eqms_execution_stage_verification_equipments"
"dnd_app_user"	"eqms_execution_stage_verification_equipments_history"
"dnd_app_user"	"eqms_execution_stage_verification_history"
"dnd_app_user"	"eqms_execution_stage_verification_jigs"
"dnd_app_user"	"eqms_execution_stage_verification_jigs_history"
"dnd_app_user"	"eqms_execution_stage_verification_plan"
"dnd_app_user"	"eqms_execution_stage_verification_plan_dir"
"dnd_app_user"	"eqms_execution_stage_verification_plan_dir_history"
"dnd_app_user"	"eqms_execution_stage_verification_plan_history"
"dnd_app_user"	"eqms_execution_stage_verification_plan_supp_files"
"dnd_app_user"	"eqms_execution_stage_verification_plan_supp_files_history"
"dnd_app_user"	"eqms_execution_stage_verification_report"
"dnd_app_user"	"eqms_execution_stage_verification_report_history"
"dnd_app_user"	"eqms_execution_stage_verification_tools"
"dnd_app_user"	"eqms_execution_stage_verification_tools_history"
"dnd_app_user"	"eqms_feasibility_currency_lk"
"dnd_app_user"	"eqms_feasibility_decision"
"dnd_app_user"	"eqms_feasibility_decision_history"
"dnd_app_user"	"eqms_feasibility_decision_lk"
"dnd_app_user"	"eqms_feasibility_study_cost_report"
"dnd_app_user"	"eqms_feasibility_study_cost_report_history"
"dnd_app_user"	"eqms_feasibility_study_design_team_role"
"dnd_app_user"	"eqms_feasibility_study_design_team_role_history"
"dnd_app_user"	"eqms_feasibility_study_report"
"dnd_app_user"	"eqms_feasibility_study_report_history"
"dnd_app_user"	"eqms_feasibility_study_report_supporting_files"
"dnd_app_user"	"eqms_feasibility_study_report_supporting_files_history"
"dnd_app_user"	"eqms_feasibility_type_lk"
"dnd_app_user"	"eqms_feasibility_validation"
"dnd_app_user"	"eqms_feasibility_validation_history"
"dnd_app_user"	"eqms_functional_block_type_lk"
"dnd_app_user"	"eqms_high_level_design"
"dnd_app_user"	"eqms_high_level_design_comp_landscape"
"dnd_app_user"	"eqms_high_level_design_comp_landscape_history"
"dnd_app_user"	"eqms_high_level_design_conversion_rate"
"dnd_app_user"	"eqms_high_level_design_conversion_rate_history"
"dnd_app_user"	"eqms_high_level_design_documents"
"dnd_app_user"	"eqms_high_level_design_documents_history"
"dnd_app_user"	"eqms_high_level_design_history"
"dnd_app_user"	"eqms_high_level_design_info"
"dnd_app_user"	"eqms_high_level_design_info_history"
"dnd_app_user"	"eqms_high_level_design_market_demography"
"dnd_app_user"	"eqms_high_level_design_market_demography_history"
"dnd_app_user"	"eqms_high_level_design_market_segment"
"dnd_app_user"	"eqms_high_level_design_market_segment_history"
"dnd_app_user"	"eqms_high_level_design_requirements"
"dnd_app_user"	"eqms_high_level_design_requirements_history"
"dnd_app_user"	"eqms_jig_lk"
"dnd_app_user"	"eqms_labelling_packaging_type_lk"
"dnd_app_user"	"eqms_labelling_packaging_type_lk_history"
"dnd_app_user"	"eqms_license_initiation"
"dnd_app_user"	"eqms_license_initiation_history"
"dnd_app_user"	"eqms_license_status_lk"
"dnd_app_user"	"eqms_lifetime_calculation_criteria"
"dnd_app_user"	"eqms_lifetime_calculation_criteria_history"
"dnd_app_user"	"eqms_lifetime_calculation_criteria_supp_files"
"dnd_app_user"	"eqms_lifetime_calculation_criteria_supp_files_history"
"dnd_app_user"	"eqms_market"
"dnd_app_user"	"eqms_market_demography_category_lk"
"dnd_app_user"	"eqms_market_demography_sub_category_lk"
"dnd_app_user"	"eqms_market_research_study_supporting_files"
"dnd_app_user"	"eqms_market_research_study_supporting_files_history"
"dnd_app_user"	"eqms_market_segment_lk"
"dnd_app_user"	"eqms_organization_product_role"
"dnd_app_user"	"eqms_organization_product_role_history"
"dnd_app_user"	"eqms_part_drawing_supporting_files"
"dnd_app_user"	"eqms_part_drawing_supporting_files_history"
"dnd_app_user"	"eqms_perfomance_specification"
"dnd_app_user"	"eqms_pilot_clinical_evaluation_plan"
"dnd_app_user"	"eqms_pilot_clinical_evaluation_plan_history"
"dnd_app_user"	"eqms_pilot_clinical_evaluation_report"
"dnd_app_user"	"eqms_pilot_clinical_evaluation_report_history"
"dnd_app_user"	"eqms_pilot_validation_feedback_supporting_files"
"dnd_app_user"	"eqms_pilot_validation_feedback_supporting_files_history"
"dnd_app_user"	"eqms_pilot_validation_place"
"dnd_app_user"	"eqms_pilot_validation_place_history"
"dnd_app_user"	"eqms_pilot_validation_plan"
"dnd_app_user"	"eqms_pilot_validation_plan_document"
"dnd_app_user"	"eqms_pilot_validation_plan_document_history"
"dnd_app_user"	"eqms_pilot_validation_plan_history"
"dnd_app_user"	"eqms_pilot_validation_plan_supporting_documents"
"dnd_app_user"	"eqms_pilot_validation_plan_supporting_documents_history"
"dnd_app_user"	"eqms_pilot_validation_report"
"dnd_app_user"	"eqms_pilot_validation_report_feedback_details"
"dnd_app_user"	"eqms_pilot_validation_report_feedback_details_history"
"dnd_app_user"	"eqms_pilot_validation_report_feedback_dir_mapper"
"dnd_app_user"	"eqms_pilot_validation_report_feedback_dir_mapper_history"
"dnd_app_user"	"eqms_pilot_validation_report_history"
"dnd_app_user"	"eqms_pilot_validation_report_supporting_files"
"dnd_app_user"	"eqms_pilot_validation_report_supporting_files_history"
"dnd_app_user"	"eqms_pilot_validation_results"
"dnd_app_user"	"eqms_pilot_validation_results_history"
"dnd_app_user"	"eqms_pnd_buyer_chosen_requirements"
"dnd_app_user"	"eqms_pnd_buyer_chosen_requirements_history"
"dnd_app_user"	"eqms_pnd_buyer_lk"
"dnd_app_user"	"eqms_pnd_end_user_chosen_requirements"
"dnd_app_user"	"eqms_pnd_end_user_chosen_requirements_history"
"dnd_app_user"	"eqms_pnd_item_lk"
"dnd_app_user"	"eqms_pnd_items"
"dnd_app_user"	"eqms_pnd_items_history"
"dnd_app_user"	"eqms_pnd_requirement"
"dnd_app_user"	"eqms_pnd_requirement_history"
"dnd_app_user"	"eqms_pnd_review_report"
"dnd_app_user"	"eqms_pnd_review_report_breakdown"
"dnd_app_user"	"eqms_pnd_review_report_breakdown_history"
"dnd_app_user"	"eqms_pnd_review_report_conclusion"
"dnd_app_user"	"eqms_pnd_review_report_conclusion_history"
"dnd_app_user"	"eqms_pnd_review_report_history"
"dnd_app_user"	"eqms_pnd_review_required_approval_details"
"dnd_app_user"	"eqms_pnd_review_required_approval_details_history"
"dnd_app_user"	"eqms_pnd_specification"
"dnd_app_user"	"eqms_pnd_specification_history"
"dnd_app_user"	"eqms_pnd_specification_review"
"dnd_app_user"	"eqms_pnd_specification_review_history"
"dnd_app_user"	"eqms_pnd_supporting_documents"
"dnd_app_user"	"eqms_pnd_supporting_documents_history"
"dnd_app_user"	"eqms_pnd_text_requirements"
"dnd_app_user"	"eqms_pnd_text_requirements_history"
"dnd_app_user"	"eqms_pre_design_transfer_documents"
"dnd_app_user"	"eqms_pre_design_transfer_documents_history"
"dnd_app_user"	"eqms_product_applicable_clause"
"dnd_app_user"	"eqms_product_applicable_clause_history"
"dnd_app_user"	"eqms_product_default_applicable_specification"
"dnd_app_user"	"eqms_product_default_applicable_specification_history"
"dnd_app_user"	"eqms_product_default_design_transfer_document"
"dnd_app_user"	"eqms_product_functional_blocks"
"dnd_app_user"	"eqms_product_functional_blocks_history"
"dnd_app_user"	"eqms_product_functional_subblocks"
"dnd_app_user"	"eqms_product_functional_subblocks_history"
"dnd_app_user"	"eqms_product_group_lk_history"
"dnd_app_user"	"eqms_product_life_declaration"
"dnd_app_user"	"eqms_product_life_declaration_history"
"dnd_app_user"	"eqms_product_market"
"dnd_app_user"	"eqms_product_market_history"
"dnd_app_user"	"eqms_product_need_document"
"dnd_app_user"	"eqms_product_need_document_history"
"dnd_app_user"	"eqms_product_need_document_review_report"
"dnd_app_user"	"eqms_product_need_document_review_report_conclusion"
"dnd_app_user"	"eqms_product_need_document_review_report_conclusion_history"
"dnd_app_user"	"eqms_product_need_document_review_report_history"
"dnd_app_user"	"eqms_product_quality_objective"
"dnd_app_user"	"eqms_product_quality_objective_history"
"dnd_app_user"	"eqms_product_realization_plan"
"dnd_app_user"	"eqms_product_realization_plan_history"
"dnd_app_user"	"eqms_product_realization_stage_process"
"dnd_app_user"	"eqms_product_realization_stage_process_history"
"dnd_app_user"	"eqms_product_regulations"
"dnd_app_user"	"eqms_product_regulations_history"
"dnd_app_user"	"eqms_project"
"dnd_app_user"	"eqms_project_applicable_specification"
"dnd_app_user"	"eqms_project_applicable_specification_history"
"dnd_app_user"	"eqms_project_build_stage_order"
"dnd_app_user"	"eqms_project_build_stage_order_history"
"dnd_app_user"	"eqms_project_build_stages"
"dnd_app_user"	"eqms_project_build_stages_history"
"dnd_app_user"	"eqms_project_concept"
"dnd_app_user"	"eqms_project_concept_history"
"dnd_app_user"	"eqms_project_concept_supporting_files"
"dnd_app_user"	"eqms_project_concept_supporting_files_history"
"dnd_app_user"	"eqms_project_design_input_gathering"
"dnd_app_user"	"eqms_project_design_input_gathering_history"
"dnd_app_user"	"eqms_project_design_team_member"
"dnd_app_user"	"eqms_project_design_team_member_history"
"dnd_app_user"	"eqms_project_design_team_member_selection"
"dnd_app_user"	"eqms_project_design_team_member_selection_history"
"dnd_app_user"	"eqms_project_design_team_other_member"
"dnd_app_user"	"eqms_project_design_team_other_member_history"
"dnd_app_user"	"eqms_project_design_team_stages_mapper"
"dnd_app_user"	"eqms_project_design_team_stages_mapper_history"
"dnd_app_user"	"eqms_project_design_transfer_plan"
"dnd_app_user"	"eqms_project_design_transfer_plan_history"
"dnd_app_user"	"eqms_project_dig_models"
"dnd_app_user"	"eqms_project_dig_models_history"
"dnd_app_user"	"eqms_project_dir_traceability_applicability"
"dnd_app_user"	"eqms_project_dir_traceability_applicability_history"
"dnd_app_user"	"eqms_project_documents"
"dnd_app_user"	"eqms_project_documents_history"
"dnd_app_user"	"eqms_project_history"
"dnd_app_user"	"eqms_project_market_research_study"
"dnd_app_user"	"eqms_project_market_research_study_history"
"dnd_app_user"	"eqms_project_plan"
"dnd_app_user"	"eqms_project_plan_design_review"
"dnd_app_user"	"eqms_project_plan_design_review_history"
"dnd_app_user"	"eqms_project_plan_equipment"
"dnd_app_user"	"eqms_project_plan_equipment_history"
"dnd_app_user"	"eqms_project_plan_history"
"dnd_app_user"	"eqms_project_plan_markets"
"dnd_app_user"	"eqms_project_plan_markets_history"
"dnd_app_user"	"eqms_project_plan_procedure_reference"
"dnd_app_user"	"eqms_project_plan_procedure_reference_history"
"dnd_app_user"	"eqms_project_plan_procedures"
"dnd_app_user"	"eqms_project_plan_procedures_history"
"dnd_app_user"	"eqms_project_plan_schedule"
"dnd_app_user"	"eqms_project_plan_schedule_history"
"dnd_app_user"	"eqms_project_plan_stagewise_deliverable"
"dnd_app_user"	"eqms_project_plan_stagewise_deliverable_history"
"dnd_app_user"	"eqms_project_plan_tool"
"dnd_app_user"	"eqms_project_plan_tool_history"
"dnd_app_user"	"eqms_project_plan_validation_method"
"dnd_app_user"	"eqms_project_plan_validation_method_history"
"dnd_app_user"	"eqms_project_plan_verification_method"
"dnd_app_user"	"eqms_project_plan_verification_method_history"
"dnd_app_user"	"eqms_project_product_variants"
"dnd_app_user"	"eqms_project_product_variants_history"
"dnd_app_user"	"eqms_project_quality_plan"
"dnd_app_user"	"eqms_project_quality_plan_history"
"dnd_app_user"	"eqms_project_quality_reports"
"dnd_app_user"	"eqms_project_quality_reports_history"
"dnd_app_user"	"eqms_project_quality_reports_supporting_file"
"dnd_app_user"	"eqms_project_quality_reports_supporting_file_history"
"dnd_app_user"	"eqms_project_quality_specifications"
"dnd_app_user"	"eqms_project_quality_specifications_history"
"dnd_app_user"	"eqms_project_stage_activity"
"dnd_app_user"	"eqms_project_stage_activity_history"
"dnd_app_user"	"eqms_regulation"
"dnd_app_user"	"eqms_regulation_history"
"dnd_app_user"	"eqms_regulation_standard"
"dnd_app_user"	"eqms_regulation_standard_clause"
"dnd_app_user"	"eqms_regulation_standard_clause_history"
"dnd_app_user"	"eqms_regulation_standard_history"
"dnd_app_user"	"eqms_report_type_lk"
"dnd_app_user"	"eqms_target_audience_type_lk"
"dnd_app_user"	"eqms_usability_type"
"dnd_app_user"	"eqms_use_environment_lk"
"dnd_app_user"	"eqms_assembly_type_lk"
"dnd_app_user"	"eqms_bom_publish_status_lk"
"dnd_app_user"	"eqms_bom_type_lk"
"dnd_app_user"	"eqms_context_types"
"dnd_app_user"	"eqms_entity_template"
"dnd_app_user"	"eqms_form_draft_supporting_files"
"dnd_app_user"	"eqms_form_drafts"
"dnd_app_user"	"eqms_menu_lk"
"dnd_app_user"	"eqms_module"
"dnd_app_user"	"eqms_month_lk"
"dnd_app_user"	"eqms_nomenclature_category"
"dnd_app_user"	"eqms_object_project_instance"
"dnd_app_user"	"eqms_object_project_instance_history"
"dnd_app_user"	"eqms_organization"
"dnd_app_user"	"eqms_organization_department"
"dnd_app_user"	"eqms_organization_department_history"
"dnd_app_user"	"eqms_organization_employee"
"dnd_app_user"	"eqms_organization_product"
"dnd_app_user"	"eqms_organization_product_history"
"dnd_app_user"	"eqms_organization_role_lk"
"dnd_app_user"	"eqms_organization_site"
"dnd_app_user"	"eqms_organization_site_history"
"dnd_app_user"	"eqms_part_component_type_lk"
"dnd_app_user"	"eqms_part_quantity_type_lk"
"dnd_app_user"	"eqms_part_type_lk"
"dnd_app_user"	"eqms_product_category_lk"
"dnd_app_user"	"eqms_product_group_lk"
"dnd_app_user"	"eqms_product_subtype_lk"
"dnd_app_user"	"eqms_product_type_lk"
"dnd_app_user"	"eqms_product_variants"
"dnd_app_user"	"eqms_product_variants_history"
"dnd_app_user"	"eqms_reg_country_lk"
"dnd_app_user"	"eqms_responsibility_lk"
"dnd_app_user"	"eqms_roles_lk"
"dnd_app_user"	"eqms_selection_lk"
"dnd_app_user"	"eqms_tool_category_lk"
"dnd_app_user"	"eqms_tool_item"
"dnd_app_user"	"eqms_tool_item_history"
"dnd_app_user"	"eqms_tools"
"dnd_app_user"	"eqms_tools_history"
"dnd_app_user"	"eqms_unit_lk"
"dnd_app_user"	"eqms_unit_lk_history"
"dnd_app_user"	"eqms_user_roles"
"dnd_app_user"	"eqms_users"
"dnd_app_user"	"eqms_year_lk"
"dnd_app_user"	"eqms_jig_item"
"dnd_app_user"	"eqms_equipment_category_lk"
"dnd_app_user"	"eqms_part_purchase_type_lk"
"dnd_app_user"	"eqms_equipment_item"
"dnd_app_user"	"eqms_part_category"
"dnd_app_user"	"eqms_part_lk"
"dnd_app_user"	"eqms_part_lk_history"
"dnd_app_user"	"eqms_verification_result_lk"
"dnd_app_user"	"eqms_project_instance"
"dnd_app_user"	"eqms_workflow_task_status"
"hrcs_app_user"	"eqms_form"
"hrcs_app_user"	"eqms_form_menu_mapping"
"hrcs_app_user"	"eqms_object"
"hrcs_app_user"	"eqms_object_context"
"hrcs_app_user"	"eqms_document_template"
"hrcs_app_user"	"eqms_document_template_form_mapping"
"hrcs_app_user"	"eqms_document_template_type_lk"
"hrcs_app_user"	"eqms_employee_status_lk"
"hrcs_app_user"	"eqms_hr_add_employee_training_needs"
"hrcs_app_user"	"eqms_hr_add_employee_training_needs_history"
"hrcs_app_user"	"eqms_hr_add_employee_training_supporting_document"
"hrcs_app_user"	"eqms_hr_add_employee_training_supporting_document_history"
"hrcs_app_user"	"eqms_hr_candidate_evalution"
"hrcs_app_user"	"eqms_hr_candidate_evalution_history"
"hrcs_app_user"	"eqms_hr_candidate_evalution_skill_set"
"hrcs_app_user"	"eqms_hr_candidate_evalution_supporting_files"
"hrcs_app_user"	"eqms_hr_candidate_interviewer"
"hrcs_app_user"	"eqms_hr_employee_administrative_reports"
"hrcs_app_user"	"eqms_hr_employee_administrative_reports_history"
"hrcs_app_user"	"eqms_hr_employee_area_expertise_supporting_document"
"hrcs_app_user"	"eqms_hr_employee_area_expertise_supporting_document_history"
"hrcs_app_user"	"eqms_hr_employee_edu_qual_supporting_document"
"hrcs_app_user"	"eqms_hr_employee_edu_qual_supporting_document_history"
"hrcs_app_user"	"eqms_hr_employee_experience_supporting_document"
"hrcs_app_user"	"eqms_hr_employee_experience_supporting_document_history"
"hrcs_app_user"	"eqms_hr_employee_functional_reports"
"hrcs_app_user"	"eqms_hr_employee_functional_reports_history"
"hrcs_app_user"	"eqms_hr_employee_skill_set"
"hrcs_app_user"	"eqms_hr_employee_skill_set_history"
"hrcs_app_user"	"eqms_hr_employee_skill_supporting_document"
"hrcs_app_user"	"eqms_hr_employee_skill_supporting_document_history"
"hrcs_app_user"	"eqms_hr_employee_source_lk"
"hrcs_app_user"	"eqms_hr_employee_training_evaluation"
"hrcs_app_user"	"eqms_hr_employee_training_evaluation_history"
"hrcs_app_user"	"eqms_hr_employee_training_evaluation_supporting_files"
"hrcs_app_user"	"eqms_hr_employee_training_needs"
"hrcs_app_user"	"eqms_hr_employee_training_needs_history"
"hrcs_app_user"	"eqms_hr_employee_training_needs_mapper"
"hrcs_app_user"	"eqms_hr_employee_training_supporting_document"
"hrcs_app_user"	"eqms_hr_employment_type_lk"
"hrcs_app_user"	"eqms_hr_evalution_status_lk"
"hrcs_app_user"	"eqms_hr_health_checkup"
"hrcs_app_user"	"eqms_hr_health_checkup_com_dis_supporting_document"
"hrcs_app_user"	"eqms_hr_health_checkup_eye_test_supporting_document"
"hrcs_app_user"	"eqms_hr_health_checkup_history"
"hrcs_app_user"	"eqms_hr_health_checkup_vaccinations_supporting_document"
"hrcs_app_user"	"eqms_hr_induction_training"
"hrcs_app_user"	"eqms_hr_induction_training_employee_header"
"hrcs_app_user"	"eqms_hr_induction_training_employee_header_history"
"hrcs_app_user"	"eqms_hr_induction_training_topic_lk"
"hrcs_app_user"	"eqms_hr_induction_training_topic_supporting_file"
"hrcs_app_user"	"eqms_hr_recruitment_type_lk"
"hrcs_app_user"	"eqms_hr_resource_required_type_lk"
"hrcs_app_user"	"eqms_hr_resource_requisition"
"hrcs_app_user"	"eqms_hr_resource_requisition_history"
"hrcs_app_user"	"eqms_hr_role_definition"
"hrcs_app_user"	"eqms_hr_role_definition_history"
"hrcs_app_user"	"eqms_hr_role_definition_skill_level_mapper"
"hrcs_app_user"	"eqms_hr_skill_level_lk"
"hrcs_app_user"	"eqms_hr_skill_master"
"hrcs_app_user"	"eqms_hr_skill_master_history"
"hrcs_app_user"	"eqms_hr_skill_supporting_files"
"hrcs_app_user"	"eqms_hr_training_attendee"
"hrcs_app_user"	"eqms_hr_training_certificate_supporting_file"
"hrcs_app_user"	"eqms_hr_training_evaluation"
"hrcs_app_user"	"eqms_hr_training_evaluation_history"
"hrcs_app_user"	"eqms_hr_training_materials_supporting_file"
"hrcs_app_user"	"eqms_hr_training_schedule"
"hrcs_app_user"	"eqms_hr_training_schedule_history"
"hrcs_app_user"	"eqms_hr_training_skill"
"hrcs_app_user"	"eqms_organization_employee_supporting_document"
"hrcs_app_user"	"eqms_organization_employee_supporting_document_history"
"hrcs_app_user"	"eqms_context_types"
"hrcs_app_user"	"eqms_context_types_history"
"hrcs_app_user"	"eqms_designation_lk"
"hrcs_app_user"	"eqms_entity_subscription"
"hrcs_app_user"	"eqms_entity_template"
"hrcs_app_user"	"eqms_form_draft_supporting_files"
"hrcs_app_user"	"eqms_form_drafts"
"hrcs_app_user"	"eqms_module"
"hrcs_app_user"	"eqms_nomenclature_category"
"hrcs_app_user"	"eqms_object_project_instance"
"hrcs_app_user"	"eqms_object_project_instance_history"
"hrcs_app_user"	"eqms_organization_department"
"hrcs_app_user"	"eqms_organization_department_history"
"hrcs_app_user"	"eqms_organization_employee"
"hrcs_app_user"	"eqms_organization_employee_history"
"hrcs_app_user"	"eqms_organization_site"
"hrcs_app_user"	"eqms_roles_lk"
"hrcs_app_user"	"eqms_users"
"hrcs_app_user"	"eqms_project_instance_header"
"hrcs_app_user"	"eqms_project_instance_header_history"
"hrcs_app_user"	"eqms_project_type"
"infrastructure_app_user"	"eqms_form"
"infrastructure_app_user"	"eqms_form_menu_mapping"
"infrastructure_app_user"	"eqms_form_type_lk"
"infrastructure_app_user"	"eqms_object"
"infrastructure_app_user"	"eqms_object_context"
"infrastructure_app_user"	"eqms_component_record"
"infrastructure_app_user"	"eqms_document_template"
"infrastructure_app_user"	"eqms_document_template_form_mapping"
"infrastructure_app_user"	"eqms_document_template_history"
"infrastructure_app_user"	"eqms_document_template_type_lk"
"infrastructure_app_user"	"eqms_file_history"
"infrastructure_app_user"	"eqms_file_tags"
"infrastructure_app_user"	"eqms_record"
"infrastructure_app_user"	"eqms_tags"
"infrastructure_app_user"	"eqms_equipment_lk"
"infrastructure_app_user"	"eqms_equipment_lk_history"
"infrastructure_app_user"	"eqms_project"
"infrastructure_app_user"	"eqms_hr_skill_master"
"infrastructure_app_user"	"eqms_frequency_lk"
"infrastructure_app_user"	"eqms_infra_installation_report_supporting_files"
"infrastructure_app_user"	"eqms_infra_installation_report_supporting_files_history"
"infrastructure_app_user"	"eqms_infrastructure"
"infrastructure_app_user"	"eqms_infrastructure_complaint"
"infrastructure_app_user"	"eqms_infrastructure_complaint_history"
"infrastructure_app_user"	"eqms_infrastructure_complaint_supporting_files"
"infrastructure_app_user"	"eqms_infrastructure_complaint_supporting_files_history"
"infrastructure_app_user"	"eqms_infrastructure_doc_supporting_files"
"infrastructure_app_user"	"eqms_infrastructure_doc_supporting_files_history"
"infrastructure_app_user"	"eqms_infrastructure_history"
"infrastructure_app_user"	"eqms_infrastructure_image_supporting_files"
"infrastructure_app_user"	"eqms_infrastructure_image_supporting_files_history"
"infrastructure_app_user"	"eqms_infrastructure_installation_report"
"infrastructure_app_user"	"eqms_infrastructure_installation_report_history"
"infrastructure_app_user"	"eqms_infrastructure_maintenance_plan"
"infrastructure_app_user"	"eqms_infrastructure_maintenance_plan_detail"
"infrastructure_app_user"	"eqms_infrastructure_maintenance_plan_detail_history"
"infrastructure_app_user"	"eqms_infrastructure_maintenance_plan_equipments"
"infrastructure_app_user"	"eqms_infrastructure_maintenance_plan_equipments_history"
"infrastructure_app_user"	"eqms_infrastructure_maintenance_plan_history"
"infrastructure_app_user"	"eqms_infrastructure_maintenance_plan_skill_mapper"
"infrastructure_app_user"	"eqms_infrastructure_maintenance_plan_skill_mapper_history"
"infrastructure_app_user"	"eqms_infrastructure_maintenance_plan_tools"
"infrastructure_app_user"	"eqms_infrastructure_maintenance_plan_tools_history"
"infrastructure_app_user"	"eqms_infrastructure_maintenance_schedule_detail"
"infrastructure_app_user"	"eqms_infrastructure_maintenance_schedule_detail_history"
"infrastructure_app_user"	"eqms_infrastructure_qualification"
"infrastructure_app_user"	"eqms_infrastructure_qualification_checklist"
"infrastructure_app_user"	"eqms_infrastructure_qualification_checklist_history"
"infrastructure_app_user"	"eqms_infrastructure_qualification_checklist_items"
"infrastructure_app_user"	"eqms_infrastructure_qualification_checklist_items_history"
"infrastructure_app_user"	"eqms_infrastructure_qualification_history"
"infrastructure_app_user"	"eqms_infrastructure_qualification_test"
"infrastructure_app_user"	"eqms_infrastructure_qualification_test_history"
"infrastructure_app_user"	"eqms_infrastructure_request"
"infrastructure_app_user"	"eqms_infrastructure_request_history"
"infrastructure_app_user"	"eqms_infrastructure_request_supporting_files"
"infrastructure_app_user"	"eqms_infrastructure_request_supporting_files_history"
"infrastructure_app_user"	"eqms_iqc_group_lk"
"infrastructure_app_user"	"eqms_maintenance_plan"
"infrastructure_app_user"	"eqms_maintenance_plan_detail"
"infrastructure_app_user"	"eqms_maintenance_plan_detail_history"
"infrastructure_app_user"	"eqms_maintenance_plan_equipments"
"infrastructure_app_user"	"eqms_maintenance_plan_equipments_history"
"infrastructure_app_user"	"eqms_maintenance_plan_history"
"infrastructure_app_user"	"eqms_maintenance_plan_skill_mapper"
"infrastructure_app_user"	"eqms_maintenance_plan_skill_mapper_history"
"infrastructure_app_user"	"eqms_maintenance_plan_tools"
"infrastructure_app_user"	"eqms_maintenance_plan_tools_history"
"infrastructure_app_user"	"eqms_maintenance_report"
"infrastructure_app_user"	"eqms_maintenance_report_detail"
"infrastructure_app_user"	"eqms_maintenance_report_detail_history"
"infrastructure_app_user"	"eqms_maintenance_report_equipment"
"infrastructure_app_user"	"eqms_maintenance_report_equipment_history"
"infrastructure_app_user"	"eqms_maintenance_report_history"
"infrastructure_app_user"	"eqms_maintenance_report_supporting_files"
"infrastructure_app_user"	"eqms_maintenance_report_supporting_files_history"
"infrastructure_app_user"	"eqms_maintenance_service_type_lk"
"infrastructure_app_user"	"eqms_power_supply_lk"
"infrastructure_app_user"	"eqms_process_validation"
"infrastructure_app_user"	"eqms_process_validation_history"
"infrastructure_app_user"	"eqms_process_validation_iqc"
"infrastructure_app_user"	"eqms_process_validation_iqc_details"
"infrastructure_app_user"	"eqms_process_validation_iqc_details_history"
"infrastructure_app_user"	"eqms_process_validation_iqc_history"
"infrastructure_app_user"	"eqms_process_validation_oqc"
"infrastructure_app_user"	"eqms_process_validation_oqc_best_case_details"
"infrastructure_app_user"	"eqms_process_validation_oqc_best_case_details_history"
"infrastructure_app_user"	"eqms_process_validation_oqc_history"
"infrastructure_app_user"	"eqms_process_validation_oqc_worst_case_details"
"infrastructure_app_user"	"eqms_process_validation_oqc_worst_case_details_history"
"infrastructure_app_user"	"eqms_process_validation_pqc"
"infrastructure_app_user"	"eqms_process_validation_pqc_details"
"infrastructure_app_user"	"eqms_process_validation_pqc_details_history"
"infrastructure_app_user"	"eqms_process_validation_pqc_history"
"infrastructure_app_user"	"eqms_context_types"
"infrastructure_app_user"	"eqms_entity_subscription"
"infrastructure_app_user"	"eqms_entity_template"
"infrastructure_app_user"	"eqms_form_draft_supporting_files"
"infrastructure_app_user"	"eqms_form_drafts"
"infrastructure_app_user"	"eqms_image"
"infrastructure_app_user"	"eqms_infrastructure_category_lk"
"infrastructure_app_user"	"eqms_infrastructure_type_lk"
"infrastructure_app_user"	"eqms_menu_instance"
"infrastructure_app_user"	"eqms_menu_lk"
"infrastructure_app_user"	"eqms_module"
"infrastructure_app_user"	"eqms_nomenclature_category"
"infrastructure_app_user"	"eqms_object_project_instance"
"infrastructure_app_user"	"eqms_object_project_instance_history"
"infrastructure_app_user"	"eqms_organization"
"infrastructure_app_user"	"eqms_organization_department"
"infrastructure_app_user"	"eqms_organization_employee"
"infrastructure_app_user"	"eqms_organization_employee_history"
"infrastructure_app_user"	"eqms_organization_history"
"infrastructure_app_user"	"eqms_roles_lk"
"infrastructure_app_user"	"eqms_schedule_status_lk"
"infrastructure_app_user"	"eqms_selection_lk"
"infrastructure_app_user"	"eqms_status_lk"
"infrastructure_app_user"	"eqms_tools"
"infrastructure_app_user"	"eqms_users"
"infrastructure_app_user"	"eqms_equipment_category_lk"
"infrastructure_app_user"	"eqms_purchase_order"
"infrastructure_app_user"	"eqms_purchase_order_infrastructure_detail"
"infrastructure_app_user"	"eqms_equipment_calibration_details"
"infrastructure_app_user"	"eqms_equipment_item"
"infrastructure_app_user"	"eqms_equipment_item_history"
"infrastructure_app_user"	"eqms_vendors"
"infrastructure_app_user"	"eqms_verification_result_lk"
"magic_read_app_user"	"eqms_component_record"
"magic_read_app_user"	"eqms_file"
"magic_read_app_user"	"eqms_file_category_lk"
"magic_read_app_user"	"eqms_file_history"
"magic_read_app_user"	"eqms_file_tags"
"magic_read_app_user"	"eqms_file_tags_history"
"magic_read_app_user"	"eqms_record"
"magic_read_app_user"	"eqms_tags"
"magic_read_app_user"	"eqms_alarm_type_lk"
"magic_read_app_user"	"eqms_bom_assembly_part_details"
"magic_read_app_user"	"eqms_bom_assembly_parts"
"magic_read_app_user"	"eqms_bom_master"
"magic_read_app_user"	"eqms_cost_heading_lk"
"magic_read_app_user"	"eqms_decision_lk"
"magic_read_app_user"	"eqms_design_input_requirement"
"magic_read_app_user"	"eqms_design_specification_type_lk"
"magic_read_app_user"	"eqms_design_stage_item_lk"
"magic_read_app_user"	"eqms_design_stage_lk"
"magic_read_app_user"	"eqms_design_stage_type_lk"
"magic_read_app_user"	"eqms_design_transfer_acknowledgement"
"magic_read_app_user"	"eqms_design_transfer_acknowledgement_checklist_mapper"
"magic_read_app_user"	"eqms_design_transfer_checklist_lk"
"magic_read_app_user"	"eqms_design_transfer_documents"
"magic_read_app_user"	"eqms_device_lk"
"magic_read_app_user"	"eqms_dig_specification"
"magic_read_app_user"	"eqms_dig_specification_country_mapper"
"magic_read_app_user"	"eqms_dig_specification_functional_block_mapper"
"magic_read_app_user"	"eqms_dig_specification_mapper"
"magic_read_app_user"	"eqms_dig_specification_model_mapper"
"magic_read_app_user"	"eqms_dig_specification_usability_type_mapper"
"magic_read_app_user"	"eqms_dir_adequacy_report"
"magic_read_app_user"	"eqms_dir_supporting_document"
"magic_read_app_user"	"eqms_dnd_document_lk"
"magic_read_app_user"	"eqms_equipment_lk"
"magic_read_app_user"	"eqms_execution_stage"
"magic_read_app_user"	"eqms_execution_stage_deliverables"
"magic_read_app_user"	"eqms_execution_stage_design_review_report"
"magic_read_app_user"	"eqms_execution_stage_verification"
"magic_read_app_user"	"eqms_execution_stage_verification_equipments"
"magic_read_app_user"	"eqms_execution_stage_verification_jigs"
"magic_read_app_user"	"eqms_execution_stage_verification_plan"
"magic_read_app_user"	"eqms_execution_stage_verification_report"
"magic_read_app_user"	"eqms_feasibility_decision"
"magic_read_app_user"	"eqms_feasibility_study_cost_report"
"magic_read_app_user"	"eqms_feasibility_study_design_team_role"
"magic_read_app_user"	"eqms_feasibility_study_report"
"magic_read_app_user"	"eqms_high_level_design"
"magic_read_app_user"	"eqms_high_level_design_comp_landscape"
"magic_read_app_user"	"eqms_high_level_design_conversion_rate"
"magic_read_app_user"	"eqms_high_level_design_info"
"magic_read_app_user"	"eqms_high_level_design_market_demography"
"magic_read_app_user"	"eqms_high_level_design_market_segment"
"magic_read_app_user"	"eqms_high_level_design_requirements"
"magic_read_app_user"	"eqms_jig_lk"
"magic_read_app_user"	"eqms_labelling_packaging_type_lk"
"magic_read_app_user"	"eqms_lifetime_calculation_criteria"
"magic_read_app_user"	"eqms_market"
"magic_read_app_user"	"eqms_market_demography_category_lk"
"magic_read_app_user"	"eqms_market_demography_sub_category_lk"
"magic_read_app_user"	"eqms_market_segment_lk"
"magic_read_app_user"	"eqms_pilot_validation_place"
"magic_read_app_user"	"eqms_pilot_validation_plan"
"magic_read_app_user"	"eqms_pilot_validation_plan_document"
"magic_read_app_user"	"eqms_pilot_validation_plan_supporting_documents"
"magic_read_app_user"	"eqms_pilot_validation_report"
"magic_read_app_user"	"eqms_pilot_validation_report_feedback_details"
"magic_read_app_user"	"eqms_pilot_validation_report_feedback_dir_mapper"
"magic_read_app_user"	"eqms_pilot_validation_results"
"magic_read_app_user"	"eqms_pnd_buyer_chosen_requirements"
"magic_read_app_user"	"eqms_pnd_buyer_lk"
"magic_read_app_user"	"eqms_pnd_end_user_chosen_requirements"
"magic_read_app_user"	"eqms_pnd_item_lk"
"magic_read_app_user"	"eqms_pnd_items"
"magic_read_app_user"	"eqms_pnd_review_report_breakdown"
"magic_read_app_user"	"eqms_pnd_specification"
"magic_read_app_user"	"eqms_pnd_text_requirements"
"magic_read_app_user"	"eqms_product_functional_blocks"
"magic_read_app_user"	"eqms_product_life_declaration"
"magic_read_app_user"	"eqms_product_need_document"
"magic_read_app_user"	"eqms_product_quality_objective"
"magic_read_app_user"	"eqms_product_realization_plan"
"magic_read_app_user"	"eqms_product_realization_stage_process"
"magic_read_app_user"	"eqms_product_regulations"
"magic_read_app_user"	"eqms_project"
"magic_read_app_user"	"eqms_project_applicable_specification"
"magic_read_app_user"	"eqms_project_build_stage_order"
"magic_read_app_user"	"eqms_project_build_stages"
"magic_read_app_user"	"eqms_project_design_input_gathering"
"magic_read_app_user"	"eqms_project_design_team_member"
"magic_read_app_user"	"eqms_project_design_team_member_selection"
"magic_read_app_user"	"eqms_project_design_team_other_member"
"magic_read_app_user"	"eqms_project_design_team_stages_mapper"
"magic_read_app_user"	"eqms_project_design_transfer_plan"
"magic_read_app_user"	"eqms_project_dig_models"
"magic_read_app_user"	"eqms_project_dir_traceability_applicability"
"magic_read_app_user"	"eqms_project_plan"
"magic_read_app_user"	"eqms_project_plan_design_review"
"magic_read_app_user"	"eqms_project_plan_equipment"
"magic_read_app_user"	"eqms_project_plan_procedure_reference"
"magic_read_app_user"	"eqms_project_plan_schedule"
"magic_read_app_user"	"eqms_project_plan_stagewise_deliverable"
"magic_read_app_user"	"eqms_project_plan_tool"
"magic_read_app_user"	"eqms_project_plan_validation_method"
"magic_read_app_user"	"eqms_project_product_variants"
"magic_read_app_user"	"eqms_project_quality_plan"
"magic_read_app_user"	"eqms_project_quality_reports"
"magic_read_app_user"	"eqms_project_quality_specifications"
"magic_read_app_user"	"eqms_project_stage_activity"
"magic_read_app_user"	"eqms_regulation"
"magic_read_app_user"	"eqms_regulation_standard"
"magic_read_app_user"	"eqms_target_audience_type_lk"
"magic_read_app_user"	"eqms_usability_type"
"magic_read_app_user"	"eqms_hr_candidate_evalution"
"magic_read_app_user"	"eqms_hr_candidate_evalution_skill_set"
"magic_read_app_user"	"eqms_hr_candidate_interviewer"
"magic_read_app_user"	"eqms_hr_employee_administrative_reports"
"magic_read_app_user"	"eqms_hr_employee_administrative_reports_history"
"magic_read_app_user"	"eqms_hr_employee_edu_qual_supporting_document"
"magic_read_app_user"	"eqms_hr_employee_experience_supporting_document"
"magic_read_app_user"	"eqms_hr_employee_functional_reports"
"magic_read_app_user"	"eqms_hr_employee_skill_set"
"magic_read_app_user"	"eqms_hr_employee_source_lk"
"magic_read_app_user"	"eqms_hr_employee_training_evaluation"
"magic_read_app_user"	"eqms_hr_employee_training_evaluation_history"
"magic_read_app_user"	"eqms_hr_employee_training_needs"
"magic_read_app_user"	"eqms_hr_employee_training_needs_mapper"
"magic_read_app_user"	"eqms_hr_employee_training_supporting_document"
"magic_read_app_user"	"eqms_hr_employment_type_lk"
"magic_read_app_user"	"eqms_hr_evalution_status_lk"
"magic_read_app_user"	"eqms_hr_induction_training"
"magic_read_app_user"	"eqms_hr_induction_training_employee_header"
"magic_read_app_user"	"eqms_hr_induction_training_topic_lk"
"magic_read_app_user"	"eqms_hr_induction_training_topic_supporting_file"
"magic_read_app_user"	"eqms_hr_recruitment_type_lk"
"magic_read_app_user"	"eqms_hr_resource_required_type_lk"
"magic_read_app_user"	"eqms_hr_resource_requisition"
"magic_read_app_user"	"eqms_hr_role_definition"
"magic_read_app_user"	"eqms_hr_role_definition_skill_level_mapper"
"magic_read_app_user"	"eqms_hr_skill_level_lk"
"magic_read_app_user"	"eqms_hr_skill_master"
"magic_read_app_user"	"eqms_hr_training_attendee"
"magic_read_app_user"	"eqms_hr_training_evaluation"
"magic_read_app_user"	"eqms_frequency_lk"
"magic_read_app_user"	"eqms_infrastructure"
"magic_read_app_user"	"eqms_infrastructure_doc_supporting_files"
"magic_read_app_user"	"eqms_infrastructure_installation_report"
"magic_read_app_user"	"eqms_infrastructure_maintenance_plan"
"magic_read_app_user"	"eqms_infrastructure_maintenance_plan_detail"
"magic_read_app_user"	"eqms_infrastructure_maintenance_plan_equipments"
"magic_read_app_user"	"eqms_infrastructure_maintenance_plan_skill_mapper"
"magic_read_app_user"	"eqms_infrastructure_maintenance_plan_tools"
"magic_read_app_user"	"eqms_infrastructure_maintenance_schedule_detail"
"magic_read_app_user"	"eqms_infrastructure_qualification"
"magic_read_app_user"	"eqms_infrastructure_qualification_checklist"
"magic_read_app_user"	"eqms_infrastructure_qualification_checklist_items"
"magic_read_app_user"	"eqms_infrastructure_qualification_test"
"magic_read_app_user"	"eqms_infrastructure_request"
"magic_read_app_user"	"eqms_maintenance_plan"
"magic_read_app_user"	"eqms_maintenance_plan_detail"
"magic_read_app_user"	"eqms_maintenance_plan_equipments"
"magic_read_app_user"	"eqms_maintenance_plan_skill_mapper"
"magic_read_app_user"	"eqms_maintenance_plan_tools"
"magic_read_app_user"	"eqms_maintenance_report"
"magic_read_app_user"	"eqms_maintenance_report_detail"
"magic_read_app_user"	"eqms_maintenance_report_equipment"
"magic_read_app_user"	"eqms_maintenance_service_type_lk"
"magic_read_app_user"	"eqms_brochure_content_legal_details"
"magic_read_app_user"	"eqms_brochure_content_marketing_details"
"magic_read_app_user"	"eqms_brochure_content_product_details"
"magic_read_app_user"	"eqms_brochure_content_regulatory_details"
"magic_read_app_user"	"eqms_brochure_content_sales_details"
"magic_read_app_user"	"eqms_product_brochure_content"
"magic_read_app_user"	"eqms_product_website_content"
"magic_read_app_user"	"eqms_website_content_legal_details"
"magic_read_app_user"	"eqms_website_content_marketing_details"
"magic_read_app_user"	"eqms_website_content_product_details"
"magic_read_app_user"	"eqms_website_content_regulatory_details"
"magic_read_app_user"	"eqms_website_content_sales_details"
"magic_read_app_user"	"eqms_designation_lk"
"magic_read_app_user"	"eqms_image"
"magic_read_app_user"	"eqms_infrastructure_type_lk"
"magic_read_app_user"	"eqms_organization"
"magic_read_app_user"	"eqms_organization_department"
"magic_read_app_user"	"eqms_organization_employee"
"magic_read_app_user"	"eqms_organization_product"
"magic_read_app_user"	"eqms_organization_site"
"magic_read_app_user"	"eqms_product_category_lk"
"magic_read_app_user"	"eqms_product_variants"
"magic_read_app_user"	"eqms_reg_country_lk"
"magic_read_app_user"	"eqms_roles_lk"
"magic_read_app_user"	"eqms_selection_lk"
"magic_read_app_user"	"eqms_tools"
"magic_read_app_user"	"eqms_users"
"magic_read_app_user"	"eqms_purchase_order"
"magic_read_app_user"	"eqms_purchase_order_infrastructure_detail"
"magic_read_app_user"	"eqms_purchase_order_invoice_to"
"magic_read_app_user"	"eqms_purchase_order_part_detail"
"magic_read_app_user"	"eqms_purchase_order_ship_to"
"magic_read_app_user"	"eqms_equipment_calibration_details"
"magic_read_app_user"	"eqms_equipment_item"
"magic_read_app_user"	"eqms_goods_inward"
"magic_read_app_user"	"eqms_goods_inward_detail"
"magic_read_app_user"	"eqms_incoming_inspection_deviation_note"
"magic_read_app_user"	"eqms_incoming_inspection_part_details"
"magic_read_app_user"	"eqms_incoming_inspection_results"
"magic_read_app_user"	"eqms_sanity_check_inspection"
"magic_read_app_user"	"eqms_reg_aspects_predicate_device"
"magic_read_app_user"	"eqms_reg_biocompatible_test_results"
"magic_read_app_user"	"eqms_reg_conformity_declaration"
"magic_read_app_user"	"eqms_reg_department_user_count"
"magic_read_app_user"	"eqms_reg_device_master_file"
"magic_read_app_user"	"eqms_reg_device_product_specification"
"magic_read_app_user"	"eqms_reg_device_product_specification_aspects"
"magic_read_app_user"	"eqms_reg_device_verification_validation"
"magic_read_app_user"	"eqms_reg_dmf_design_manufacturing_information"
"magic_read_app_user"	"eqms_reg_dmf_essential_principles_checklist"
"magic_read_app_user"	"eqms_reg_dmf_executive_summary"
"magic_read_app_user"	"eqms_reg_dmf_labelling"
"magic_read_app_user"	"eqms_reg_dmf_risk_control_summary"
"magic_read_app_user"	"eqms_reg_field_safety_corrective_action"
"magic_read_app_user"	"eqms_reg_field_safety_country_mapping"
"magic_read_app_user"	"eqms_reg_market_clearance"
"magic_read_app_user"	"eqms_reg_marketing_device_launch"
"magic_read_app_user"	"eqms_reg_material_direct_contact"
"magic_read_app_user"	"eqms_reg_material_direct_contact_verification"
"magic_read_app_user"	"eqms_reg_material_indirect_contact"
"magic_read_app_user"	"eqms_reg_material_indirect_contact_verification"
"magic_read_app_user"	"eqms_reg_plant_master_file"
"magic_read_app_user"	"eqms_reg_pmf_contract_activities"
"magic_read_app_user"	"eqms_reg_pmf_documentation"
"magic_read_app_user"	"eqms_reg_pmf_equipment"
"magic_read_app_user"	"eqms_reg_pmf_facility_premises"
"magic_read_app_user"	"eqms_reg_pmf_general_information"
"magic_read_app_user"	"eqms_reg_pmf_handling_complaints"
"magic_read_app_user"	"eqms_reg_pmf_internal_audit"
"magic_read_app_user"	"eqms_reg_pmf_personnel"
"magic_read_app_user"	"eqms_reg_pmf_production"
"magic_read_app_user"	"eqms_reg_pmf_quality_assurance"
"magic_read_app_user"	"eqms_reg_pmf_sanitation"
"magic_read_app_user"	"eqms_reg_pmf_storage"
"magic_read_app_user"	"eqms_reg_product_classification"
"magic_read_app_user"	"eqms_reg_regulatory_agency_lk"
"magic_read_app_user"	"eqms_reg_regulatory_approvals"
"magic_read_app_user"	"eqms_reg_serious_adverse_event"
"magic_read_app_user"	"eqms_customer_master"
"magic_read_app_user"	"eqms_delivery_dispatch"
"magic_read_app_user"	"eqms_delivery_product"
"magic_read_app_user"	"eqms_order_acknowledgement"
"magic_read_app_user"	"eqms_quotation"
"magic_read_app_user"	"eqms_quotation_customer"
"magic_read_app_user"	"eqms_quotation_product"
"magic_read_app_user"	"eqms_part_lk"
"magic_read_app_user"	"eqms_vendor_agreement_checklist"
"magic_read_app_user"	"eqms_vendor_agreement_checklist_lk"
"magic_read_app_user"	"eqms_vendor_agreement_checklist_status"
"magic_read_app_user"	"eqms_vendors"
"magic_read_app_user"	"eqms_verification_result_lk"
"magic_save_app_user"	"eqms_form_menu_mapping"
"magic_save_app_user"	"eqms_file"
"magic_save_app_user"	"eqms_file_category_lk"
"magic_save_app_user"	"eqms_file_tags"
"magic_save_app_user"	"eqms_record"
"magic_save_app_user"	"eqms_tags"
"magic_save_app_user"	"eqms_design_input_requirement"
"magic_save_app_user"	"eqms_design_input_requirement_history"
"magic_save_app_user"	"eqms_device_lk"
"magic_save_app_user"	"eqms_device_lk_history"
"magic_save_app_user"	"eqms_dig_specification"
"magic_save_app_user"	"eqms_dig_specification_country_mapper"
"magic_save_app_user"	"eqms_dig_specification_country_mapper_history"
"magic_save_app_user"	"eqms_dig_specification_functional_block_mapper"
"magic_save_app_user"	"eqms_dig_specification_functional_block_mapper_history"
"magic_save_app_user"	"eqms_dig_specification_history"
"magic_save_app_user"	"eqms_dig_specification_mapper"
"magic_save_app_user"	"eqms_dig_specification_mapper_history"
"magic_save_app_user"	"eqms_dig_specification_model_mapper"
"magic_save_app_user"	"eqms_dig_specification_model_mapper_history"
"magic_save_app_user"	"eqms_dir_supporting_document"
"magic_save_app_user"	"eqms_dir_supporting_document_history"
"magic_save_app_user"	"eqms_labelling_packaging_type_lk"
"magic_save_app_user"	"eqms_labelling_packaging_type_lk_history"
"magic_save_app_user"	"eqms_market"
"magic_save_app_user"	"eqms_market_demography_category_lk"
"magic_save_app_user"	"eqms_market_demography_sub_category_lk"